<code_scheme name="Default" version="173">
  <option name="AUTODETECT_INDENTS" value="false" />
  <option name="JSP_PREFER_COMMA_SEPARATED_IMPORT_LIST" value="true" />
  <JspCodeStyleSettings>
    <option name="JSP_PREFER_COMMA_SEPARATED_IMPORT_LIST" value="true" />
  </JspCodeStyleSettings>
  <codeStyleSettings language="JSP">
    <indentOptions>
      <option name="USE_TAB_CHARACTER" value="true" />
      <option name="SMART_TABS" value="true" />
    </indentOptions>
  </codeStyleSettings>
</code_scheme>