<application>
  <component name="LocalDatabaseDriverManager" version="201">
    <driver id="h2.unified">
      <artifact id="H2" name="H2" use="true" version="1.4.200" />
    </driver>
    <driver id="mysql.8" name="arwen">
      <artifact />
      <artifact id="MySQL ConnectorJ" name="MySQL ConnectorJ" use="true" version="8.0.21" />
      <artifact id="MySQL ConnectorJ" name="MySQL ConnectorJ" channel="fixed" rolling="false" use="true" version="8.0.21" />
    </driver>
  </component>
</application>