<application>
  <component name="ProjectManager">
    <defaultProject>
      <component name="AnalysisProjectProfileManager">
        <option name="PROJECT_PROFILE" />
        <option name="USE_PROJECT_LEVEL_SETTINGS" value="false" />
        <list size="0" />
      </component>
      <component name="CompilerConfiguration">
        <bytecodeTargetLevel target="11" />
      </component>
      <component name="GOROOT" url="file:///usr/local/go" />
      <component name="MavenImportPreferences">
        <option name="generalSettings">
          <MavenGeneralSettings>
            <option name="mavenHome" value="$USER_HOME$/apache-maven-3.8.1" />
            <option name="userSettingsFile" value="$USER_HOME$/apache-maven-3.8.1/conf/settings.xml" />
          </MavenGeneralSettings>
        </option>
      </component>
      <component name="ProjectInspectionProfilesVisibleTreeState">
        <entry key="Project Default">
          <profile-state>
            <expanded-state>
              <State />
              <State>
                <id>CodePlugin DevKit</id>
              </State>
              <State>
                <id>GeneralJavaScript and TypeScript</id>
              </State>
              <State>
                <id>Java</id>
              </State>
              <State>
                <id>Java language level migration aidsJava</id>
              </State>
              <State>
                <id>JavaScript and TypeScript</id>
              </State>
              <State>
                <id>Plugin DevKit</id>
              </State>
              <State>
                <id>WSDL</id>
              </State>
            </expanded-state>
            <selected-state>
              <State>
                <id>Angular</id>
              </State>
            </selected-state>
          </profile-state>
        </entry>
      </component>
      <component name="ProjectViewState">
        <option name="hideEmptyMiddlePackages" value="true" />
        <option name="showExcludedFiles" value="true" />
        <option name="showLibraryContents" value="true" />
      </component>
      <component name="PropertiesComponent">
        <property name="configurable.GoLibrariesConfigurable.is.expanded" value="true" />
        <property name="go.import.settings.migrated" value="true" />
        <property name="nodejs_interpreter_path.stuck_in_default_project" value="C:/Program Files/nodejs/node" />
        <property name="nodejs_npm_path_reset_for_default_project" value="true" />
        <property name="settings.editor.selected.configurable" value="go.vgo" />
      </component>
      <component name="SuppressionsComponent">
        <option name="suppComments" value="[]" />
      </component>
      <component name="VgoProject">
        <integration-enabled>true</integration-enabled>
        <environment>
          <map>
            <entry key="GOPROXY" value="https://goproxy.cn,direct" />
          </map>
        </environment>
      </component>
      <component name="masterDetails">
        <states>
          <state key="ProjectJDKs.UI">
            <settings>
              <last-edited>1.8</last-edited>
              <splitter-proportions>
                <option name="proportions">
                  <list>
                    <option value="0.2" />
                  </list>
                </option>
              </splitter-proportions>
            </settings>
          </state>
        </states>
      </component>
    </defaultProject>
  </component>
</application>